"seller_state","customer_state","total_freight_value_2017","total_freight_value_2018","avg_seller_processing_time_2017","avg_seller_processing_time_2018","avg_carrier_processing_time_2017","avg_carrier_processing_time_2018","delay_value_pct_per_state_2017","delay_value_pct_per_state_2018","avg_review_2017","avg_review_2018","total_orders_2017","total_orders_2018"
MG,MA,429.41992,2196.14,"2 days 27:45:26.3125","2 days 25:46:48.1875","13 days 20:54:38.066667","16 days 19:57:44.612903",0.0,50.090616941452026,3.6111111111111111,4.2187500000000000,18,32
SC,CE,288.72998,801.08,"1 day 13:44:01","1 day 13:02:11.5","18 days 28:50:23.25","26 days 29:38:14.625",0.0,49.66420233249664,3.8750000000000000,3.5000000000000000,8,8
PR,AL,243.30002,819.31995,"1 day 26:17:45.142857","1 day 19:32:21.210526","22 days 26:41:00.166667","27 days 26:45:59.842106",21.853676438331604,41.80540144443512,3.1250000000000000,3.0000000000000000,8,20
SC,PA,225.9,591.66003,"1 day 17:27:53.666667","3 days 15:44:08.428572","18 days 20:21:21.666667","28 days 26:34:48.571429",0.0,32.99022912979126,4.0000000000000000,3.8571428571428571,6,7
MA,SP,,3278.5308,,"5 days 19:42:12.127451",,"11 days 12:43:31.059406",,31.143829226493835,,3.7745098039215686,0,102
RS,BA,666.97003,1224.1,"2 days 26:55:29.263158","2 days 10:22:27.5625","15 days 30:59:35.578948","17 days 29:45:30.9375",3.7422969937324524,29.580914974212646,4.4736842105263158,3.9375000000000000,19,16
RJ,CE,239.86002,1138.95,"1 day 33:35:56.25","2 days 18:46:39.178571","20 days 17:12:02.875","23 days 27:50:29.153846",10.881347209215164,26.38658881187439,3.3750000000000000,3.2500000000000000,8,28
SP,AL,1976.7001,4605.64,"1 day 31:39:50.184615","2 days 15:53:52.467742","23 days 22:56:04.428571","20 days 34:33:33.975207",25.403445959091187,23.223698139190674,3.4090909090909091,3.5390625000000000,66,128
MA,DF,,517.79004,,"4 days 19:27:23.363636",,"11 days 13:16:32.909091",,22.640451788902283,,3.6818181818181818,0,22
MA,SC,,545.28,,"2 days 33:27:05.928571",,"15 days 10:34:44.642857",,22.179430723190308,,4.5000000000000000,0,14
SP,CE,5982.965,17046.21,"2 days 26:44:18.469945","2 days 16:23:15.261682","15 days 21:46:30.717392","19 days 24:42:47.330059",7.204454392194748,22.040322422981262,4.1081081081081081,3.5955473098330241,185,539
PR,PA,843.29987,1567.9598,"1 day 32:13:41.5","1 day 23:50:16.833333","13 days 29:04:47.357143","26 days 14:30:24.75",0.0,21.82709127664566,4.2500000000000000,3.7083333333333333,16,24
CE,SP,264.02,670.45996,"3 days 30:43:32.625","2 days 18:16:01.636364","10 days 11:01:59.625","12 days 14:53:08.090909",0.0,21.52104526758194,4.7500000000000000,3.8181818181818182,8,11
PR,MA,389.44998,832.50995,"2 days 28:03:58.545455","3 days 12:56:06.388889","16 days 23:45:28.818182","17 days 17:06:16.888889",0.0,21.357102692127228,4.5454545454545455,2.8333333333333333,11,18
SP,SE,1730.9803,4322.6704,"2 days 13:30:23.589285","2 days 20:35:04.145631","19 days 27:40:03.8","16 days 18:31:13.247524",14.206978678703308,21.326863765716553,3.6071428571428571,3.5769230769230769,56,104
SP,MA,3375.9702,9830.073,"2 days 27:45:49.064815","2 days 18:57:56.466101","14 days 29:23:44.09434","18 days 21:59:12.855264",2.6185063645243645,21.223850548267365,4.0000000000000000,3.6059322033898305,110,236
SC,PB,262.18,662.9,"2 days 24:52:49.833333","2 days 13:25:27.75","16 days 09:19:18.5","26 days 09:21:35",0.0,20.96696048974991,4.3333333333333333,3.5000000000000000,6,8
MG,MS,427.13995,901.66003,"1 day 17:42:02","1 day 31:30:34.307693","11 days 10:26:04.533333","14 days 32:06:41.269231",0.0,20.736196637153625,4.6250000000000000,3.6153846153846154,16,26
PR,PB,371.49002,945.4099,"2 days 23:48:34.111111","2 days 13:39:27.315789","18 days 11:56:07.444444","15 days 27:30:46.736842",7.626046240329742,20.600587129592896,4.2222222222222222,3.9473684210526316,9,19
SP,TO,1503.62,4805.631,"2 days 18:52:16.136364","2 days 26:56:38.043478","11 days 26:21:25.209303","14 days 21:55:13.657894",0.0,19.656524062156677,4.2666666666666667,3.9043478260869565,45,115
SP,ES,6142.841,16449.215,"2 days 21:14:05.62","2 days 15:42:22.210797","9 days 22:40:20.016892","13 days 16:33:51.582147",3.073984943330288,19.417884945869446,4.1071428571428571,3.8974358974358974,308,780
SP,PA,5073.529,11440.335,"2 days 27:22:39.154321","2 days 13:11:33.389685","14 days 21:27:42.525317","23 days 17:28:28.399408",3.8675252348184586,18.60661804676056,4.0303030303030303,3.5100286532951289,165,349
SP,MS,2002.41,7488.253,"2 days 12:45:03.77551","2 days 19:41:19.046583","10 days 31:26:21.876289","13 days 14:28:15.37267",1.0322561487555504,18.10101568698883,4.2653061224489796,3.8888888888888889,98,324
GO,RJ,164.56001,804.1601,"2 days 30:40:13","3 days 32:22:46.310345","10 days 30:22:13.444444","12 days 16:54:09.620689",0.0,17.965328693389893,4.7777777777777778,4.3103448275862069,9,29
PR,PE,829.86005,2049.16,"1 day 26:00:07.0625","1 day 32:27:35.904762","17 days 16:58:46.5625","16 days 21:03:23.341463",3.1318534165620804,17.859025299549103,3.3333333333333333,4.0238095238095238,18,42
SC,PI,130.87,701.55,"2 days 20:23:02","1 day 28:02:36.8","13 days 24:48:08.75","19 days 10:19:54.4",0.0,17.72076189517975,4.0000000000000000,3.8000000000000000,4,10
SP,PI,2938.4094,7055.611,"2 days 26:26:53.894118","2 days 26:17:33.44186","16 days 34:26:53.625","16 days 28:28:20.089285",9.272703528404236,17.609107494354248,4.1395348837209302,3.6342857142857143,86,175
SP,BA,11332.933,34648.836,"2 days 21:34:01.993658","2 days 21:43:37.263982","14 days 31:28:32.292842","16 days 29:15:57.418251",7.048749178647995,17.341943085193634,3.8354166666666667,3.6510764662212324,480,1347
SP,RJ,35264.152,93527.31,"2 days 27:32:17.492299","2 days 21:25:04.857437","8 days 17:32:28.679054","13 days 29:09:52.778665",3.783814236521721,17.107219994068146,4.0352685838307108,3.5910230120756437,1843,4389
RJ,BA,482.57,2330.94,"2 days 31:32:04.416667","1 day 34:36:58.088235","12 days 18:28:26.375","15 days 21:44:36.470588",8.5873544216156,16.429422795772552,4.4166666666666667,3.6617647058823529,24,68
SC,BA,959.10004,1738.0,"1 day 18:48:53.5","1 day 22:44:35.029412","18 days 26:07:08.375","19 days 28:48:51.969697",5.308100953698158,16.402186453342438,3.4814814814814815,3.7647058823529412,27,34
RJ,MS,67.83,503.44998,"1 day 17:50:05.75","1 day 31:09:26.526316","11 days 25:22:49.75","11 days 25:11:22.210527",0.0,15.653987228870392,5.0000000000000000,4.1052631578947368,4,19
PR,BA,1419.5199,3988.429,"2 days 26:20:23.853658","2 days 16:18:24.657143","14 days 14:14:00","17 days 31:02:26.710145",5.345468968153,15.585336089134216,3.7380952380952381,3.6714285714285714,42,70
RJ,MA,112.71999,690.60004,"4 days 11:48:16.666667","1 day 24:20:48.666667","14 days 09:08:09.666667","19 days 17:03:51.142857",0.0,15.015926957130432,4.5000000000000000,4.2857142857142857,4,21
MG,AL,451.64,850.97,"1 day 24:46:38.153846","3 days 35:08:43.9375","19 days 19:05:14","16 days 12:57:27.666667",18.28668713569641,14.941772818565369,3.6923076923076923,3.8125000000000000,13,16
MA,RS,,804.26,,"2 days 28:38:57.733333",,"16 days 14:08:38",,14.669385552406311,,4.2000000000000000,0,15
RJ,RN,90.7,522.49,"1 day 19:26:30.333333","2 days 21:28:17.538462","11 days 15:28:12.666667","16 days 23:44:33.769231",0.0,14.614634215831757,4.3333333333333333,4.3076923076923077,3,13
PR,RJ,4101.2017,15261.647,"2 days 22:42:42.7","2 days 22:20:49.548536","8 days 34:38:29.688524","14 days 23:48:31.659875",2.699696645140648,14.441238343715668,3.9267015706806283,3.6018376722817764,191,653
MG,MT,394.10004,1056.19,"1 day 28:30:23","2 days 26:08:08.541667","19 days 16:43:56.25","16 days 19:15:34.625",5.653386935591698,14.331701397895813,3.8461538461538462,4.0416666666666667,13,24
SP,AM,816.01,1866.0797,"1 day 26:23:03.032258","2 days 20:26:10.090909","16 days 18:28:16.333333","25 days 26:06:45.109091",0.0,14.129085838794708,4.5483870967741935,3.6909090909090909,31,55
RJ,PE,374.75998,2463.1897,"1 day 23:09:53.428571","2 days 18:32:57.233333","10 days 17:32:40.142857","13 days 18:35:07.383333",0.0,13.722451031208038,4.7857142857142857,3.9344262295081967,14,61
MG,BA,2392.0815,5132.303,"2 days 24:30:26.009009","1 day 33:30:00.601156","18 days 25:15:01.027273","13 days 14:07:57.745562",12.235786020755768,13.320139050483704,3.8571428571428571,3.9542857142857143,112,175
SC,MT,182.28,675.08997,"1 day 28:08:46","1 day 24:33:53.214285","24 days 35:08:56.333333","18 days 26:47:09.857143",22.822031378746033,13.296005129814148,3.2857142857142857,4.0714285714285714,7,14
BA,RJ,253.44002,1001.76,"33:22:48.333333","1 day 10:48:27.73913","7 days 22:32:43.916667","14 days 27:54:44.5",0.0,13.067999482154846,3.5833333333333333,4.1739130434782609,12,23
RJ,DF,240.33,864.4199,"1 day 15:35:00.416667","1 day 22:07:05.55102","10 days 17:30:51.333333","10 days 33:55:21.836735",0.0,12.721826136112213,4.0769230769230769,4.2857142857142857,13,49
MA,MG,,1047.0499,,"3 days 26:28:14.066667",,"13 days 14:27:44.766667",,12.666061520576477,,4.3666666666666667,0,30
RJ,SC,447.26004,1858.7202,"33:09:13.037037","2 days 32:46:54.186667","10 days 23:15:13.961539","11 days 25:46:30.554054",3.588516265153885,12.269193679094315,4.3571428571428571,3.8157894736842105,28,76
MG,CE,868.55,1155.8899,"1 day 21:19:34.961539","2 days 21:00:54","19 days 32:08:32.8","14 days 31:10:55",8.171089738607407,11.97432428598404,3.8846153846153846,4.2142857142857143,26,28
SP,RN,2525.1396,6782.851,"2 days 34:57:53.12","2 days 18:55:44.323529","18 days 33:11:02.84","16 days 20:45:06.656627",9.92261916399002,11.951317638158798,4.1200000000000000,3.9941176470588235,75,170
SC,RJ,4002.8396,5135.8213,"1 day 26:48:13.24","2 days 21:24:10.100503","10 days 23:54:02.832215","14 days 15:54:06.451777",11.338700354099274,11.883591115474701,4.1788079470198675,3.7350000000000000,151,200
MG,RJ,6756.4062,14480.637,"2 days 16:33:45.090909","2 days 17:48:24.741176","9 days 20:30:44.127536","11 days 26:48:01.858586",5.962488800287247,11.423736810684204,4.0619718309859155,3.8382066276803119,355,513
SP,DF,5193.819,16998.723,"2 days 25:49:18.377863","2 days 18:37:25.25697","8 days 32:43:56.015444","9 days 30:05:24.052696",1.2160608544945717,11.206778138875961,3.9624060150375940,3.9975786924939467,266,826
PR,CE,600.76,1482.5101,"1 day 26:48:38.611111","1 day 24:19:22.151516","25 days 31:50:00.555556","19 days 29:43:50.03125",14.816232025623322,11.19047924876213,3.5263157894736842,3.3939393939393939,19,33
SP,SC,9914.032,29414.307,"2 days 15:46:59.933071","2 days 19:21:04.666918","11 days 19:48:21.245968","12 days 23:24:23.163513",8.126461505889893,11.070291697978973,4.0251937984496124,3.8260542168674699,516,1328
MG,PI,249.92,791.34,"31:03:57.375","2 days 30:21:06.235294","12 days 11:08:00","12 days 36:01:12.588235",0.0,10.465791821479797,4.1250000000000000,4.3529411764705882,8,17
SP,PE,7215.498,18433.68,"2 days 17:41:22.56621","2 days 14:11:56.065217","16 days 16:56:18.509615","14 days 28:28:05.697436",6.253205984830856,10.420600324869156,3.9424778761061947,3.9364548494983278,226,598
RS,RJ,1136.1602,3373.2896,"2 days 19:35:57.1875","2 days 28:03:58.25641","7 days 28:53:54.489362","11 days 19:03:36.201755",0.0,10.374145954847336,4.2708333333333333,3.8205128205128205,48,117
RJ,SP,3948.0923,15550.469,"2 days 13:59:54.857143","1 day 31:08:35.234395","6 days 32:55:22.783506","8 days 34:00:59.870634",3.2557498663663864,10.27030125260353,4.1578947368421053,3.9292929292929293,209,792
SP,GO,6060.69,17017.166,"2 days 15:16:37.739583","2 days 13:43:39.022472","12 days 32:57:35.238267","12 days 17:11:01.600761",3.9173755794763565,9.971634298563004,4.0102739726027397,3.8955223880597015,292,804
RJ,MG,1701.9799,5662.1,"1 day 30:08:11.811111","1 day 27:45:09.326667","7 days 20:14:53.617977","8 days 33:11:41.755852",0.0,9.742498397827148,4.4333333333333333,4.0364238410596026,90,302
RJ,PR,527.47003,2646.5898,"2 days 24:23:11.933333","1 day 25:23:08.533835","6 days 30:37:14.4","10 days 13:32:55.198473",3.36511991918087,9.375083446502686,4.2666666666666667,3.5563909774436090,30,133
SP,MG,31944.627,85332.69,"2 days 24:45:06.349177","2 days 18:13:31.604858","7 days 33:09:31.647637","9 days 15:52:59.623629",2.0976612344384193,9.369799494743347,4.1124401913875598,3.9411039921143420,1672,4058
DF,RJ,435.30997,895.5399,"1 day 20:28:46.105263","1 day 34:12:19.977778","7 days 19:01:37.5625","12 days 12:36:37.2",0.0,8.697546273469925,3.7500000000000000,4.0666666666666667,20,45
RJ,GO,349.7,1499.8801,"1 day 30:29:01.277778","1 day 22:43:12.959459","11 days 27:18:50.529412","13 days 16:50:15.675675",5.161566659808159,8.237991482019424,4.5555555555555556,3.9459459459459459,18,74
PR,ES,729.45996,1678.2604,"2 days 16:28:40.322581","2 days 25:43:13","13 days 19:35:06.83871","14 days 18:55:09.083333",6.6268205642700195,8.212670683860779,4.3548387096774194,3.6250000000000000,31,48
RS,PR,587.25006,1809.8093,"2 days 23:39:52.9375","2 days 19:20:02.220779","6 days 13:36:18.1875","6 days 16:58:29.142858",0.0,8.019629120826721,4.3030303030303030,4.1168831168831169,33,77
RJ,PI,139.79001,739.64,"27:17:57","1 day 26:51:02.473685","7 days 20:35:03","13 days 28:06:11.789474",0.0,8.012005686759949,3.8000000000000000,4.2631578947368421,5,19
MG,ES,1097.1299,2099.461,"2 days 21:43:07.54717","3 days 32:12:53.757143","11 days 14:40:31.849056","11 days 29:11:58.617647",5.227275565266609,7.895360141992569,4.0181818181818182,3.8857142857142857,55,70
SP,MT,3035.151,10398.451,"1 day 31:35:18.5","2 days 15:36:35.497383","14 days 23:43:01.709924","14 days 19:10:50.015915",5.602686852216721,7.881364226341248,3.9621212121212121,4.0809399477806789,132,383
PR,GO,595.44,1735.6102,"3 days 23:16:49.428571","1 day 28:41:04.622222","8 days 11:18:46.928571","13 days 27:25:56.976744",0.0,7.825490087270737,4.4285714285714286,4.0000000000000000,14,45
SC,GO,608.5602,1328.65,"1 day 23:42:54.142857","2 days 17:09:00.333333","18 days 38:28:04.028572","11 days 16:28:04.416667",7.299195975065231,7.740186899900436,4.4857142857142857,4.1666666666666667,35,24
SC,PR,1446.0499,3427.5999,"2 days 14:21:31.571429","1 day 24:03:13.352113","7 days 21:14:16.714286","7 days 26:39:28.801419",1.0469901375472546,7.694888859987259,4.4415584415584416,4.3239436619718310,77,142
MG,PA,967.50006,1530.74,"2 days 11:08:44.192308","2 days 29:05:17.225807","23 days 16:04:46.807692","20 days 20:59:58.931034",9.655813872814178,7.615924626588821,3.9230769230769231,3.8064516129032258,26,31
SP,RS,17478.78,40735.08,"2 days 23:40:29.675294","1 day 33:11:05.677556","10 days 14:26:00.193624","13 days 14:21:13.159851",3.0682915821671486,7.545708119869232,4.1277330264672037,3.9642293529721199,869,1901
MG,PE,1171.1702,2224.16,"2 days 30:35:52.475","2 days 21:57:40.744681","15 days 07:37:15.657895","11 days 34:03:57.456521",8.301099389791489,7.514297217130661,3.8250000000000000,4.4680851063829787,40,47
SP,PB,2955.9595,9233.22,"3 days 12:56:06.759493","2 days 24:24:46.834197","17 days 18:42:22.142857","15 days 33:58:14.732985",8.70005190372467,7.412257790565491,3.8765432098765432,4.0051546391752577,81,194
SP,RR,327.46,1087.01,"2 days 32:25:51.363637","1 day 21:45:53.333334","31 days 15:56:49.636364","25 days 25:22:02.368421",9.420998394489288,7.264882326126099,3.9090909090909091,3.3636363636363636,11,22
RJ,RS,691.0801,2773.411,"1 day 30:48:03.264706","1 day 26:28:43.94958","8 days 31:24:50.294118","13 days 10:53:27.805084",0.0,7.253522425889969,4.4285714285714286,4.1065573770491803,35,122
SC,RS,1661.9803,3359.47,"2 days 12:14:28.839506","2 days 14:11:55.258742","6 days 29:28:14.975","10 days 18:59:31.650349",1.8423805013298988,7.166904956102371,3.9545454545454545,4.2083333333333333,88,144
SP,PR,14528.395,37294.96,"2 days 25:39:35.302899","2 days 18:56:28.844156","8 days 15:32:10.347445","9 days 19:16:19.716647",1.9428160041570663,6.892783939838409,4.1355206847360913,4.0208216094541362,701,1777
MA,RJ,,1045.2301,,"2 days 27:20:06.861111",,"14 days 09:21:09.055556",,6.590893119573593,,4.3611111111111111,0,36
ES,BA,34.44,579.7601,"3 days 07:14:13","1 day 14:40:40.733333","8 days 00:01:51","10 days 27:05:19.866667",0.0,6.590656936168671,5.0000000000000000,3.5333333333333333,2,15
MG,SC,1945.1105,3405.9307,"2 days 23:55:54.561798","2 days 26:26:27.608247","13 days 27:00:51.356322","12 days 19:01:39.27835",3.57666052877903,6.370946764945984,4.0786516853932584,3.9793814432989691,89,97
MG,RS,2334.0398,4037.8103,"2 days 20:59:44.686047","2 days 28:09:53.333333","11 days 27:22:04.835294","14 days 19:02:13.018691",1.1670752428472042,6.280632317066193,4.3255813953488372,4.1666666666666667,86,108
RS,PE,187.3,514.38995,"15:43:20.25","3 days 14:16:59.625","27 days 15:24:07","13 days 13:36:19.375",28.99092137813568,6.1470877379179,3.5000000000000000,4.5000000000000000,4,8
MG,SP,13446.674,27817.89,"2 days 25:42:37.153846","2 days 13:52:04.429655","7 days 27:22:51.377254","7 days 15:42:38.105442",7.37713947892189,6.070733442902565,4.1541609822646658,4.1045643153526971,733,1205
PR,DF,487.05997,3034.81,"1 day 17:43:13.272728","2 days 28:50:05.168317","8 days 30:39:20.636363","9 days 24:34:31.070707",0.0,6.04420006275177,3.9545454545454545,3.9108910891089109,22,101
PR,MG,3594.951,11898.388,"2 days 14:31:50.440994","2 days 24:47:09.675351","9 days 10:36:59.30625","10 days 27:22:41.730769",2.1146325394511223,6.004594638943672,4.2378048780487805,4.1117764471057884,164,501
SP,SP,80708.37,238867.61,"2 days 21:19:21.63908","2 days 14:34:07.870921","5 days 13:00:56.490546","4 days 14:41:47.596416",4.373426735401154,5.732011049985886,4.1061753323237422,4.1341221794166208,5943,18170
SC,SC,933.1902,2499.02,"1 day 21:12:26.655172","2 days 13:38:09.20979","6 days 26:07:21.741379","4 days 22:48:22.119718",2.4818092584609985,5.639410763978958,4.2539682539682540,4.1527777777777778,63,144
ES,SP,1090.6199,934.3699,"29:24:09.8","1 day 23:17:10.225","8 days 22:05:46.060606","7 days 28:36:50.5",3.47692146897316,5.0354789942502975,4.0555555555555556,4.2500000000000000,36,40
RS,RS,880.9998,2467.6597,"2 days 16:18:21.205883","2 days 25:44:41.807407","3 days 29:25:07.32353","3 days 27:17:03.451852",2.543700858950615,5.024193972349167,4.5285714285714286,4.4275362318840580,70,138
PR,SC,1499.3999,4879.4106,"3 days 13:30:30.04054","2 days 11:32:32.734783","13 days 14:14:51.916667","9 days 34:49:40.004405",10.308124125003815,4.96760793030262,4.1351351351351351,4.2467532467532468,74,231
SC,MG,3180.6387,6213.07,"1 day 28:50:07.431372","2 days 15:57:14.943396","11 days 11:48:19.930693","11 days 12:02:29.731132",3.618770092725754,4.782659932971001,4.4230769230769231,3.9812206572769953,104,213
PR,RS,2350.9407,8642.627,"1 day 35:13:23.855856","2 days 21:17:13.221354","7 days 22:13:50.090091","10 days 30:55:40.257218",2.792499214410782,4.532881453633308,4.5221238938053097,4.0077922077922078,113,385
GO,SP,707.77014,1820.9899,"1 day 31:00:01.96","1 day 30:58:59.063492","9 days 22:49:07.92","8 days 12:17:13.354839",0.0,4.520618170499802,3.8800000000000000,4.4062500000000000,25,64
RJ,MT,18.47,577.0399,"8 days 07:50:16","1 day 16:37:30.55","16 days 20:01:28","16 days 22:54:45.842106",0.0,4.453764855861664,5.0000000000000000,4.1500000000000000,1,20
DF,SP,1053.9296,3208.181,"2 days 30:17:19.90196","1 day 32:18:08.612903","6 days 16:31:27.843137","7 days 31:30:54.187097",2.262010797858238,4.260046407580376,3.9433962264150943,4.1346153846153846,53,156
MT,SP,,665.01996,,"3 days 17:23:37.142857",,"8 days 13:40:52.190476",,4.118673130869865,,3.8095238095238095,0,21
RS,MG,1170.5901,2435.0903,"2 days 21:00:04.463415","1 day 30:10:11.208791","6 days 30:30:43.925","7 days 31:17:29.505494",0.0,3.997798264026642,4.6428571428571429,4.2527472527472527,42,91
SC,SP,6716.7456,16518.486,"2 days 15:58:15.068657","1 day 34:30:22.590909","8 days 17:42:42.082067","9 days 14:17:32.906021",4.150819405913353,3.7544600665569305,4.2261904761904762,4.0758017492711370,336,686
PE,RJ,55.160004,1267.33,"12:32:40","1 day 27:55:40.734694","13 days 20:03:04.5","11 days 07:41:38.612245",0.0,3.7227872759103775,5.0000000000000000,3.7142857142857143,2,49
SC,ES,618.97003,586.74,"34:58:41.444444","1 day 22:43:00.5","9 days 24:22:51.833333","13 days 31:29:53.3125",0.0,3.6796536296606064,4.2777777777777778,3.8750000000000000,18,16
SP,AC,757.88995,783.92,"2 days 17:26:10.041667","1 day 18:50:58.35","18 days 14:23:44.416667","17 days 25:32:32.9",0.0,3.51821631193161,3.9166666666666667,4.2000000000000000,24,20
RJ,PA,316.76,834.06006,"1 day 12:52:00.777778","1 day 18:53:05.764706","14 days 32:50:02.555556","18 days 29:41:24.058823",0.0,3.4949522465467453,4.7777777777777778,4.2941176470588235,9,17
PR,PR,2309.3782,7004.659,"3 days 22:13:32.435898","1 day 33:39:26.041564","4 days 32:31:56.447369","4 days 20:52:48.803921",2.775638923048973,3.4923892468214035,4.4240506329113924,4.2147971360381862,158,419
MG,PR,2074.4602,5225.31,"2 days 17:53:22.752577","2 days 16:56:31.684783","8 days 26:01:13.814433","8 days 21:00:11.918033",0.0,3.4836214035749435,4.3434343434343434,4.1684782608695652,99,184
PE,SP,130.13,2778.1606,"32:11:54.75","1 day 17:02:02.835164","7 days 19:10:25","9 days 22:47:33.406593",0.0,3.4594830125570297,5.0000000000000000,4.4065934065934066,4,91
RJ,RJ,1937.2502,6427.32,"1 day 22:01:26.300654","1 day 31:56:17.867424","3 days 23:04:55.304635","3 days 16:25:40.361702",3.5540062934160233,3.058973327279091,3.9870967741935484,4.2875939849624060,155,532
MG,MG,5224.139,14216.126,"2 days 24:30:09.411932","1 day 32:39:05.817945","5 days 27:49:56.798851","4 days 30:18:08.017038",3.920646011829376,3.052027150988579,4.0944444444444444,4.3085787451984635,360,781
PR,PI,153.86,1410.5002,"23:55:42.666667","1 day 33:29:10.3","11 days 08:29:22.333333","14 days 31:16:51.5",0.0,3.0287127941846848,4.0000000000000000,4.1000000000000000,4,20
RS,MT,199.27,760.56006,"2 days 18:10:38.166667","1 day 29:37:04.9375","11 days 21:46:45","14 days 19:11:21.9375",0.0,3.0043650418519974,4.5000000000000000,3.6250000000000000,6,16
PR,SP,10748.81,35732.27,"2 days 29:21:53.060606","2 days 19:52:01.750406","6 days 23:02:08.060953","7 days 24:17:54.548071",4.700055345892906,2.6561424136161804,4.1781818181818182,4.1383952611739365,550,1857
MG,PB,781.0799,858.3401,"2 days 12:36:35.230769","2 days 11:12:08.444444","20 days 18:45:06.153847","11 days 33:53:06.611111",31.443646550178528,2.5293003767728806,4.0384615384615385,4.3888888888888889,26,18
SP,RO,1885.4601,3221.5994,"2 days 19:25:33.653846","1 day 33:43:02.217948","18 days 16:54:13.038461","17 days 16:44:34.858975",7.904701679944992,2.4124663323163986,3.9444444444444444,4.1538461538461538,54,78
PR,MT,506.63,1373.2299,"1 day 31:05:12.0625","1 day 30:01:00.272728","14 days 19:00:59.76923","13 days 28:35:08.484849",15.243867039680481,1.9909266382455826,3.2500000000000000,4.0606060606060606,16,33
MG,GO,1312.79,2208.65,"1 day 18:11:48.734694","1 day 21:43:03","11 days 22:22:29.553192","11 days 15:40:38.15625",5.719117447733879,1.7875174060463905,4.0200000000000000,3.4307692307692308,50,65
DF,MG,461.52,796.8999,"1 day 18:18:33.136364","2 days 25:41:31.317073","7 days 14:38:01.863636","6 days 13:54:19.439024",0.0,1.7693564295768738,3.9545454545454545,3.8536585365853659,22,41
RJ,ES,325.65,1092.01,"1 day 29:04:43.85","2 days 22:43:18.423729","8 days 16:56:14.65","8 days 20:29:53.322034",4.477199539542198,1.3461414724588394,4.2000000000000000,4.4745762711864407,20,59
RS,SP,3286.7202,8456.892,"2 days 19:32:54.308642","2 days 19:40:45.165192","6 days 34:18:26.683229","6 days 32:40:00.991124",1.0706721805036068,0.3485914319753647,4.0887573964497041,4.1202346041055718,169,341
SP,AP,504.99997,1050.27,"1 day 24:30:25.733333","2 days 23:25:29.870967","40 days 05:23:17.2","21 days 19:23:46.709677",24.653467535972595,0.0,4.1875000000000000,4.0000000000000000,16,31
MG,RN,246.2,686.64996,"1 day 19:23:04.75","4 days 13:03:09.642857","13 days 28:36:51.25","8 days 33:19:00.357143",0.0,0.0,3.7500000000000000,4.2857142857142857,8,14
SC,DF,547.67,773.85,"1 day 23:33:39.086956","1 day 21:15:17.857143","10 days 22:28:39.863637","8 days 25:24:49.095238",0.0,0.0,4.4782608695652174,4.4285714285714286,23,21
RS,DF,350.36,566.76996,"9 days 21:50:44.692308","1 day 24:49:59","10 days 17:56:25.923077","8 days 16:51:43.5625",11.839251220226288,0.0,4.0769230769230769,3.9411764705882353,13,17
SC,PE,564.63,851.92004,"2 days 36:56:30.153846","2 days 15:17:18.857143","13 days 27:31:55.166667","14 days 16:25:54",6.24125562608242,0.0,4.0714285714285714,3.7142857142857143,14,14
RJ,PB,69.770004,603.19,"21:27:05","2 days 12:03:20.6875","13 days 04:20:50","12 days 28:58:20.4375",0.0,0.0,3.6666666666666667,4.4375000000000000,3,16
MG,DF,944.85,1975.1501,"2 days 12:19:39.326923","2 days 10:06:55.658537","10 days 18:37:49.019608","6 days 29:25:52.62963",3.395247831940651,0.0,4.2307692307692308,4.0609756097560976,52,82
RS,SC,699.10986,1183.08,"2 days 29:11:42.210527","1 day 22:45:25.388889","6 days 34:35:25.947368","5 days 28:01:53.240741",0.0,0.0,3.9743589743589744,4.6296296296296296,39,54
GO,MG,317.81998,1155.7798,"1 day 17:19:00.666667","1 day 34:04:43","8 days 15:36:12","8 days 15:55:30",0.0,0.0,4.1052631578947368,4.1132075471698113,19,53
BA,SP,387.83,1648.1799,"2 days 17:23:23.6","1 day 24:16:23.15","7 days 26:41:34.266667","8 days 12:38:10.358974",0.0,0.0,4.4375000000000000,3.9512195121951220,16,41
PE,BA,16.79,648.89996,"1 day 19:01:17","1 day 10:57:12.566667","12 days 07:35:47","9 days 29:33:07.133333",0.0,0.0,5.0000000000000000,4.2333333333333333,1,30
PE,MG,54.95,1732.1091,"17:31:46.5","1 day 24:55:49.28125","15 days 16:38:04","8 days 24:36:56.875",0.0,0.0,5.0000000000000000,3.7031250000000000,2,64
PR,MS,297.3,926.64996,"1 day 16:11:54.461538","1 day 28:22:57.472222","10 days 29:58:42.692308","9 days 26:16:56.055556",5.398587137460709,0.0,4.1538461538461538,4.4444444444444444,13,36
